Corbin	Diess	cdiess0@yahoo.co.jp	8707	Hanover	Hill	89450
Allie	Bursnoll	abursnoll1@hud.gov	40006	Farragut	Hill	62927
Marlene	Hulks	mhulks2@photobucket.com	9	Eggendart	Plaza	13437
Sanson	Faltskog	sfaltskog3@hao123.com	94373	Clarendon	Crossing	50056
Suzanna	Kops	skops4@a8.net	363	Welch	Way	31076
Margi	Topliss	mtopliss5@dailymail.co.uk	34993	Bayside	Road	56344
Elia	Drissell	edrissell6@qq.com	973	Leroy	Park	37778
Amity	Dogg	adogg7@newyorker.com	856	Summer Ridge	Hill	66225
Stacie	Crowdace	scrowdace8@flavors.me	7250	East	Alley	26148
Bing	Tussaine	btussaine9@princeton.edu	88403	Schiller	Point	49630
Gerrilee	Flanne	gflannea@godaddy.com	055	Pankratz	Hill	17522
Angelina	Binfield	abinfieldb@soup.io	3	Straubel	Drive	92676
Cordelia	Lampens	clampensc@telegraph.co.uk	95606	Calypso	Plaza	14539
Vina	Abade	vabaded@addtoany.com	11	Eastwood	Pass	02662
Wynn	Hawthorne	whawthornee@google.com	6032	Oak	Parkway	71038
Marybeth	Foucard	mfoucardf@miitbeian.gov.cn	5	Di Loreto	Way	37035
Charlean	Brychan	cbrychang@hud.gov	5	Mccormick	Street	08205
Rene	Pearson	rpearsonh@toplist.cz	8	Maple Wood	Park	62927
Nefen	Domini	ndominii@so-net.ne.jp	5	Lake View	Avenue	67443
Alexei	Broader	abroaderj@webeden.co.uk	0	Forster	Hill	17078
Timmy	Cossor	tcossork@china.com.cn	561	Veith	Trail	84657
Felicio	Cason	fcasonl@e-recht24.de	4606	Ruskin	Way	73057
Alfonse	Oneil	aoneilm@phpbb.com	1	Golf View	Circle	46118
Woody	Antonognoli	wantonognolin@spotify.com	2	Knutson	Street	06505
Loralyn	Haster	lhastero@berkeley.edu	4	Trailsway	Crossing	44117
Carlye	Rayhill	crayhillp@nydailynews.com	18	Hoffman	Trail	80615
Gelya	Wones	gwonesq@craigslist.org	40	Oak	Point	28412
Jerome	Champion	jchampionr@amazon.de	5	Namekagon	Road	81227
Esta	Tuckey	etuckeys@freewebs.com	97	Butterfield	Street	10579
Friederike	Bon	fbont@constantcontact.com	47	Packers	Pass	27802
Kerrie	Rhead	krheadu@angelfire.com	80419	Grim	Way	38182
Laurette	Humbert	lhumbertv@reverbnation.com	83	Melrose	Way	73742
Miner	O'Skehan	moskehanw@livejournal.com	2	Village Green	Terrace	87016
Olivier	Shawcross	oshawcrossx@marriott.com	8441	Mariners Cove	Court	21658
Honoria	Standeven	hstandeveny@hc360.com	6	Dennis	Street	61568
Mureil	Lugg	mluggz@free.fr	35568	Warner	Parkway	38838
Patience	Lodemann	plodemann10@microsoft.com	388	Arapahoe	Park	57758
Farr	Fleming	ffleming11@flickr.com	73	Park Meadow	Parkway	62535
Felizio	Guerro	fguerro12@histats.com	7842	Artisan	Avenue	89108
Thomasine	Naerup	tnaerup13@exblog.jp	8967	Village Green	Way	56581
Josepha	Roycroft	jroycroft14@geocities.com	32129	Carioca	Crossing	41517
Anatol	Crees	acrees15@vinaora.com	7	Surrey	Trail	07495
Julissa	Cashford	jcashford16@wired.com	15309	Brickson Park	Way	55784
Koressa	O'Criane	kocriane17@yelp.com	0	Vernon	Avenue	07721
Rachele	Castaneda	rcastaneda18@homestead.com	55337	Brentwood	Park	38334
Hansiain	Dadge	hdadge19@businessinsider.com	90399	Vidon	Junction	50660
Clerissa	Senner	csenner1a@theguardian.com	6	Summit	Place	92845
Gavan	Picken	gpicken1b@shop-pro.jp	63	Harbort	Hill	29368
Kaitlyn	Roadknight	kroadknight1c@sphinn.com	2	Kenwood	Point	46899
Bartolomeo	Mounch	bmounch1d@hp.com	360	Parkside	Junction	90030
Dmitri	Bugdell	dbugdell1e@hhs.gov	389	Hollow Ridge	Park	94704
Ethelda	Booty	ebooty1f@theglobeandmail.com	08	Knutson	Pass	75477
Tanner	Roels	troels1g@theglobeandmail.com	1	Bartelt	Lane	09368
Vachel	Ledur	vledur1h@illinois.edu	718	Ridge Oak	Park	98421
Andre	Warden	awarden1i@house.gov	8	Oakridge	Point	79743
Darn	Codman	dcodman1j@mozilla.org	64610	Hoepker	Drive	63344
Tremain	Glozman	tglozman1k@soup.io	92	Delaware	Pass	48710
Sile	Speachley	sspeachley1l@abc.net.au	87110	Schurz	Trail	15221
Ellen	Aloshechkin	ealoshechkin1m@netlog.com	6225	Laurel	Circle	10990
Farra	O'Neill	foneill1n@mozilla.com	84	Carey	Avenue	99521
Cory	Gregor	cgregor1o@example.com	785	Tennyson	Terrace	99203
Aloise	Spilling	aspilling1p@washington.edu	32	Delaware	Center	38923
Dawna	Lloyds	dlloyds1q@rediff.com	37	Straubel	Hill	57110
Reginald	Chalice	rchalice1r@paginegialle.it	7840	Oakridge	Alley	17731
Baron	Bothwell	bbothwell1s@comsenz.com	927	Hanover	Court	63080
Bondy	Vedenisov	bvedenisov1t@fda.gov	8	Sommers	Street	54403
Robby	Mouan	rmouan1u@biblegateway.com	25957	Atwood	Park	62977
Carrol	Airlie	cairlie1v@angelfire.com	6	Oakridge	Road	14782
Georgie	Goodoune	ggoodoune1w@hc360.com	70	Mayer	Place	17024
Munmro	Damiata	mdamiata1x@woothemes.com	44822	Farwell	Court	80832
Cornelius	Kinsley	ckinsley1y@cdbaby.com	80195	Bunting	Place	06650
Birgit	Antoshin	bantoshin1z@bravesites.com	8	Grayhawk	Court	97732
Vilhelmina	Defries	vdefries20@mit.edu	3	Cascade	Point	58348
Patricio	Dovidaitis	pdovidaitis21@mozilla.com	8829	Glacier Hill	Park	52730
Dotty	Emons	demons22@digg.com	6	Fallview	Terrace	16421
Rora	Casier	rcasier23@admin.ch	613	Hanover	Avenue	31095
Conrado	Anstie	canstie24@flavors.me	3	Nevada	Terrace	38685
Meredith	Nern	mnern25@mediafire.com	84	Armistice	Way	26348
Drusy	Furmedge	dfurmedge26@imageshack.us	1	Rusk	Avenue	37098
Eustacia	Darrigrand	edarrigrand27@1und1.de	22565	Eastwood	Trail	39041
Cathee	Loader	cloader28@un.org	6563	La Follette	Hill	48207
Susannah	Vanichkin	svanichkin29@seesaa.net	7	Eastlawn	Lane	87731
Terri	Dimelow	tdimelow2a@wix.com	9	Lotheville	Circle	96610
Bastian	Torresi	btorresi2b@redcross.org	2938	Cordelia	Parkway	97125
Jonathan	Biagini	jbiagini2c@amazonaws.com	687	Wayridge	Alley	61281
Shandie	Grodden	sgrodden2d@amazon.co.jp	911	Donald	Place	53958
Tiebout	Rustman	trustman2e@posterous.com	440	Mandrake	Street	39083
Nehemiah	Surmeyers	nsurmeyers2f@youtu.be	34875	Atwood	Alley	16724
Moise	Feckey	mfeckey2g@stanford.edu	7190	Namekagon	Way	04046
Tibold	Cahen	tcahen2h@smugmug.com	9	Express	Street	50707
Krishnah	Voak	kvoak2i@arizona.edu	5	West	Parkway	19354
Iorgo	Tremeer	itremeer2j@studiopress.com	823	Moland	Alley	24501
Alfonso	Dyzart	adyzart2k@deliciousdays.com	681	Texas	Hill	15211
Aeriel	Slide	aslide2l@europa.eu	55442	Harbort	Drive	65263
Brose	Antognozzii	bantognozzii2m@sakura.ne.jp	603	Eastlawn	Street	48805
Brooks	Hirtzmann	bhirtzmann2n@cnbc.com	9123	Meadow Ridge	Parkway	37725
Kris	Dartnall	kdartnall2o@sakura.ne.jp	5410	Myrtle	Trail	97482
Carlene	Retallack	cretallack2p@ted.com	6	Dwight	Lane	97430
Drusie	Carlick	dcarlick2q@microsoft.com	661	Hallows	Place	95056
Victoir	Willeson	vwilleson2r@bbc.co.uk	1708	Melby	Place	33327
Cathlene	Nancekivell	cnancekivell2s@sohu.com	24	North	Pass	54556
Sancho	Cagan	scagan2t@eepurl.com	3888	Roth	Hill	18962
Margette	Willsmore	mwillsmore2u@cloudflare.com	9916	Linden	Crossing	56151
Marin	Giuroni	mgiuroni2v@feedburner.com	9152	Porter	Trail	12064
Udale	Bergin	ubergin2w@google.ru	528	Calypso	Circle	38476
Elihu	Daouse	edaouse2x@spotify.com	70544	Burning Wood	Junction	73938
Carson	Racine	cracine2y@vistaprint.com	306	Sommers	Circle	38960
Louisa	Batistelli	lbatistelli2z@networksolutions.com	7	Rusk	Park	65609
Georgeta	Tuckley	gtuckley30@netvibes.com	0031	Ludington	Junction	09112
Gaven	Loxdale	gloxdale31@qq.com	267	David	Parkway	95436
Neville	Arnolds	narnolds32@soundcloud.com	700	Acker	Street	49883
Solly	Kitchingman	skitchingman33@chicagotribune.com	1056	Steensland	Terrace	38946
Adina	Dunne	adunne34@constantcontact.com	262	Straubel	Place	62515
Neel	Gilhouley	ngilhouley35@lulu.com	43244	Carberry	Lane	73071
Iorgos	Antonomoli	iantonomoli36@so-net.ne.jp	5490	2nd	Place	30350
Shurwood	McKinn	smckinn37@yale.edu	49276	Blackbird	Way	77449
Rosaline	Prangle	rprangle38@omniture.com	82762	Oak	Junction	97463
Laurice	MacGillivrie	lmacgillivrie39@boston.com	96	Kenwood	Way	76712
Phylys	Oldrey	poldrey3a@nhs.uk	5	Debs	Court	42374
Merv	Oddy	moddy3b@rakuten.co.jp	565	Vidon	Street	65063
Aldis	Heathcote	aheathcote3c@wunderground.com	26	High Crossing	Way	53827
Melinde	Parrish	mparrish3d@cyberchimps.com	0650	Paget	Alley	97063
Shelby	Duffus	sduffus3e@spiegel.de	093	Packers	Junction	77035
Stanislaus	Kibbey	skibbey3f@google.com	73683	Springview	Street	66507
Caye	Camfield	ccamfield3g@google.pl	4	Coolidge	Junction	95638
Scottie	Elizabeth	selizabeth3h@ft.com	280	Brickson Park	Point	61081
Allin	Garling	agarling3i@stumbleupon.com	42	Killdeer	Lane	29666
Dallas	Tacker	dtacker3j@aboutads.info	402	Lukken	Trail	41566
Anstice	Tremblett	atremblett3k@desdev.cn	0	Jackson	Crossing	23055
Iolanthe	Coveney	icoveney3l@sfgate.com	72008	Cody	Crossing	28302
Eva	Summerlie	esummerlie3m@over-blog.com	96	Arizona	Road	38926
Verena	Hayesman	vhayesman3n@google.es	76863	Dorton	Drive	81324
Inge	Gudahy	igudahy3o@sourceforge.net	07465	Evergreen	Road	88026
Lanie	Matterdace	lmatterdace3p@360.cn	02219	5th	Crossing	49683
Christy	Insley	cinsley3q@comcast.net	637	Shelley	Avenue	25540
Chandler	Wrettum	cwrettum3r@prlog.org	6	Eliot	Parkway	80813
Melitta	Ticic	mticic3s@fastcompany.com	046	Clove	Trail	48224
Mariana	Bentinck	mbentinck3t@macromedia.com	39619	Wayridge	Pass	98007
Vincenz	Pembery	vpembery3u@japanpost.jp	00774	Doe Crossing	Pass	30707
Meryl	Alpes	malpes3v@stanford.edu	8	Hoard	Crossing	48557
Haydon	Willis	hwillis3w@squidoo.com	5	Little Fleur	Hill	30132
Arlen	Teml	ateml3x@mashable.com	183	Dwight	Park	12743
Lissa	Dussy	ldussy3y@telegraph.co.uk	7344	Marcy	Junction	42453
Teodoor	Rowston	trowston3z@mapy.cz	02	Thackeray	Parkway	46404
Glenn	Garms	ggarms40@whitehouse.gov	14	Mallard	Trail	23801
Fremont	Garment	fgarment41@people.com.cn	12	Erie	Drive	85331
Tatum	Wurz	twurz42@bing.com	67	Anhalt	Plaza	96024
Yehudit	Corson	ycorson43@clickbank.net	22	Cordelia	Point	04070
Trumann	Raxworthy	traxworthy44@devhub.com	071	East	Plaza	46933
Paolo	Kieran	pkieran45@wikipedia.org	654	Steensland	Park	11954
Kayla	Randales	krandales46@sciencedaily.com	534	Paget	Parkway	64199
Benjie	Main	bmain47@yelp.com	3	Thompson	Plaza	04646
Eveleen	Alexander	ealexander48@timesonline.co.uk	582	Lerdahl	Trail	85034
Kent	Orris	korris49@noaa.gov	15642	Corben	Place	92280
Eustacia	Pepall	epepall4a@vinaora.com	804	Orin	Street	67548
Ernestine	Tomson	etomson4b@google.co.uk	34	Katie	Street	58107
Devonna	Willows	dwillows4c@spiegel.de	7	Oak	Hill	20907
Malorie	Pashbee	mpashbee4d@sphinn.com	4	Dunning	Avenue	45054
Broddy	Casarini	bcasarini4e@jimdo.com	74063	Lien	Drive	01606
Hogan	Yarnall	hyarnall4f@amazon.de	47	Bluestem	Parkway	58250
Christiana	McGrath	cmcgrath4g@nydailynews.com	3585	Spenser	Plaza	43533
Charlotte	Huntress	chuntress4h@time.com	8	Division	Circle	29734
Hamish	Denk	hdenk4i@goo.ne.jp	7071	West	Park	47921
Justen	O'Lennane	jolennane4j@oracle.com	02394	Walton	Point	65675
Chloe	Bleckly	cbleckly4k@sciencedirect.com	3693	Buell	Terrace	92024
Tanner	Handover	thandover4l@miitbeian.gov.cn	778	Mendota	Point	72379
Harriott	Keast	hkeast4m@printfriendly.com	73	Sutteridge	Terrace	10601
Kimble	Jayne	kjayne4n@hao123.com	830	Lawn	Terrace	88029
Gretel	Doerrling	gdoerrling4o@ucoz.ru	09840	Sullivan	Parkway	81223
Avril	Thirlwall	athirlwall4p@businesswire.com	04	Carey	Crossing	50120
Todd	Muat	tmuat4q@ihg.com	52	Dovetail	Lane	18936
Che	Hickeringill	chickeringill4r@china.com.cn	6	Paget	Court	80019
Jason	Harnett	jharnett4s@smh.com.au	94209	Russell	Crossing	62964
Rosanna	Sadry	rsadry4t@prweb.com	4	Dawn	Crossing	99613
Simonne	Stollsteimer	sstollsteimer4u@hc360.com	76	Meadow Ridge	Court	46236
Deanne	Bowstead	dbowstead4v@xrea.com	40	Talmadge	Alley	25403
Dwight	Gonnet	dgonnet4w@hc360.com	8	Redwing	Court	71465
Dietrich	Whates	dwhates4x@walmart.com	6398	Mallard	Way	13152
Deny	Pickle	dpickle4y@bbb.org	169	Bluestem	Plaza	56211
Alasteir	Winkworth	awinkworth4z@addthis.com	96	Claremont	Road	32572
Julianne	Arkwright	jarkwright50@mit.edu	05235	Jenna	Lane	47403
Chandler	Hawlgarth	chawlgarth51@macromedia.com	86915	Sunbrook	Crossing	29055
Cori	Treadwell	ctreadwell52@ow.ly	6671	Loftsgordon	Court	15219
Mano	Arghent	marghent53@cornell.edu	520	Scofield	Road	25428
Yard	Piscopo	ypiscopo54@java.com	68145	High Crossing	Drive	86302
Clarine	Bristoe	cbristoe55@elpais.com	52	Roxbury	Parkway	76060
Korella	Jillis	kjillis56@shinystat.com	35	Orin	Circle	97625
Viviana	Naisby	vnaisby57@accuweather.com	06	Pennsylvania	Road	98616
Casandra	Dennert	cdennert58@friendfeed.com	10099	Gina	Avenue	06151
Lucio	Dederich	ldederich59@miitbeian.gov.cn	8	Eastwood	Point	81525
Domini	Wickliffe	dwickliffe5a@state.gov	50694	Almo	Road	37023
Barron	Yanele	byanele5b@chron.com	1	Prairie Rose	Point	32666
Fair	Ivshin	fivshin5c@miibeian.gov.cn	5331	East	Road	90034
Oralla	Lawlee	olawlee5d@cmu.edu	22	Golden Leaf	Avenue	27877
Inglebert	Saice	isaice5e@deviantart.com	67	Dovetail	Pass	34080
Rickie	Delacour	rdelacour5f@csmonitor.com	057	Mcguire	Center	72432
Jilleen	Hearse	jhearse5g@github.com	3777	Lake View	Lane	94607
Ezri	Challoner	echalloner5h@zimbio.com	11404	Erie	Court	32730
Papageno	Larive	plarive5i@ask.com	1699	Florence	Center	34488
Ange	Brockman	abrockman5j@booking.com	92199	Hauk	Avenue	33604
Bee	Doumerque	bdoumerque5k@1und1.de	006	Hintze	Hill	02902
Tybalt	Grix	tgrix5l@youku.com	02	Larry	Hill	65456
Cecily	Attryde	cattryde5m@pagesperso-orange.fr	037	Corben	Drive	79046
Erminia	Shovel	eshovel5n@github.io	7769	Truax	Court	85746
Cristobal	Riveles	criveles5o@51.la	80880	Oakridge	Plaza	09333
Mattie	Deluze	mdeluze5p@huffingtonpost.com	3892	Thierer	Parkway	52731
Marleah	Lethbury	mlethbury5q@umn.edu	95307	Kinsman	Crossing	15286
Conrad	Dungay	cdungay5r@naver.com	86	Ohio	Alley	72031
Stephine	Week	sweek5s@cnet.com	24	Transport	Point	74569
Dorian	Pentercost	dpentercost5t@columbia.edu	324	Muir	Hill	14449
Sibby	Prendeguest	sprendeguest5u@live.com	019	Calypso	Junction	73939
Gardie	Baldree	gbaldree5v@marriott.com	72	Arrowood	Court	92285
Minette	Wynett	mwynett5w@mediafire.com	478	Clemons	Way	60632
Marrissa	Beavan	mbeavan5x@eepurl.com	6953	Lindbergh	Road	33806
Danny	Ettery	dettery5y@360.cn	42592	Lindbergh	Street	09096
Bartram	Baulk	bbaulk5z@nba.com	9	Lukken	Lane	54832
Morgen	Dyos	mdyos60@arstechnica.com	1893	Bartillon	Plaza	65663
Adelaide	Zeplin	azeplin61@buzzfeed.com	16618	Mallard	Avenue	73002
Daisi	Upton	dupton62@dot.gov	956	Luster	Circle	70723
Levin	Sage	lsage63@yandex.ru	19631	Eastlawn	Crossing	08666
Grace	McAndrew	gmcandrew64@senate.gov	398	Thackeray	Drive	00975
Urson	Cominetti	ucominetti65@yale.edu	0	Packers	Hill	30145
Michaelina	Norrington	mnorrington66@w3.org	95	Anzinger	Center	01106
Marius	Gowling	mgowling67@aboutads.info	4351	Express	Junction	07662
Tillie	Sowter	tsowter68@unicef.org	4464	Farragut	Pass	04426
Ysabel	Lamasna	ylamasna69@woothemes.com	60	Barnett	Park	80271
Chevy	Brockest	cbrockest6a@studiopress.com	564	Stoughton	Terrace	29292
Elbertine	Gentreau	egentreau6b@surveymonkey.com	3	Gale	Avenue	98614
Sammy	Franseco	sfranseco6c@twitter.com	1205	Prairieview	Terrace	33175
Clotilda	Paget	cpaget6d@marriott.com	1089	Waywood	Alley	46146
Sonja	Glaves	sglaves6e@altervista.org	71744	Schmedeman	Park	70047
Kevyn	Dobble	kdobble6f@hp.com	71979	Fulton	Center	73736
Andrey	Pragnall	apragnall6g@hostgator.com	370	Killdeer	Drive	45202
Reinaldo	Grebbin	rgrebbin6h@joomla.org	32	Barnett	Terrace	16370
Saundra	Burdge	sburdge6i@rambler.ru	27	Moose	Avenue	72329
Gerard	MacRory	gmacrory6j@instagram.com	460	Northland	Plaza	77089
Reggi	Purcell	rpurcell6k@dedecms.com	540	Sunfield	Road	69150
Babita	Frogley	bfrogley6l@cbslocal.com	4	Chive	Avenue	58338
Susy	Korb	skorb6m@networksolutions.com	98186	Forest	Drive	31562
Mathias	Redrup	mredrup6n@nymag.com	1	Spohn	Parkway	34949
Dyna	Haglinton	dhaglinton6o@webmd.com	00	Gina	Circle	18826
Nari	Strugnell	nstrugnell6p@state.tx.us	61792	Schurz	Road	78662
Jessamine	Loding	jloding6q@studiopress.com	28	Derek	Parkway	61748
Portie	Shernock	pshernock6r@photobucket.com	60	Norway Maple	Parkway	16534
Ruthi	Caccavella	rcaccavella6s@hibu.com	74	Wayridge	Crossing	53036
Martina	Gurling	mgurling6t@hexun.com	82	Melrose	Crossing	37132
Cathyleen	Schiesterl	cschiesterl6u@ow.ly	0	Scofield	Plaza	47390
Madeline	Berrigan	mberrigan6v@dyndns.org	73639	Homewood	Alley	35774
Sarene	Annand	sannand6w@bloglines.com	33	Kinsman	Court	33194
Dru	Tanslie	dtanslie6x@pagesperso-orange.fr	283	Fuller	Terrace	98002
Mignon	Blondel	mblondel6y@uol.com.br	4	Forest Dale	Place	71835
Alfie	Minto	aminto6z@instagram.com	63	Moose	Avenue	62630
Marylin	Heinert	mheinert70@blogs.com	04	Arapahoe	Point	03301
Robena	Murby	rmurby71@purevolume.com	4002	Menomonie	Parkway	98684
Crin	Yakunchikov	cyakunchikov72@a8.net	89318	Sherman	Park	11710
Currey	Guisot	cguisot73@example.com	3840	Independence	Drive	34974
Joli	Slowgrave	jslowgrave74@hatena.ne.jp	9443	Moulton	Road	38338
Gussy	McInerney	gmcinerney75@mapquest.com	71853	Vidon	Park	93721
Leeanne	O'Hickey	lohickey76@comcast.net	2	1st	Center	74868
Vittorio	Kibbey	vkibbey77@wp.com	69204	Duke	Center	12933
Svend	Dessaur	sdessaur78@nbcnews.com	42417	Cherokee	Drive	97475
Maxwell	MacCheyne	mmaccheyne79@google.ca	34409	Sunfield	Pass	06340
Gwennie	MacIlory	gmacilory7a@accuweather.com	46103	Old Shore	Avenue	16512
Christye	Petera	cpetera7b@domainmarket.com	9382	Stuart	Crossing	71758
Wendell	Aynsley	waynsley7c@engadget.com	2	Village	Plaza	36505
Maurits	Lillico	mlillico7d@google.ru	8	Pond	Park	24091
Giffer	Blaksland	gblaksland7e@usatoday.com	35193	Pennsylvania	Way	63781
Lorant	Menichino	lmenichino7f@nba.com	74805	Roxbury	Point	12029
Ted	Caplen	tcaplen7g@51.la	5502	Larry	Alley	72111
Gunner	Ciccerale	gciccerale7h@ibm.com	6342	East	Road	04406
Patrice	Lewis	plewis7i@ow.ly	13	Eagan	Circle	20573
Binnie	Mounsey	bmounsey7j@paginegialle.it	6249	Muir	Circle	17324
Oriana	Kobke	okobke7k@stanford.edu	23869	Delladonna	Terrace	41825
Adan	Lacaze	alacaze7l@networkadvertising.org	31	Loomis	Way	07730
Saxe	Bridgnell	sbridgnell7m@squarespace.com	458	Nancy	Lane	58778
Jobi	Jolliman	jjolliman7n@si.edu	699	Eggendart	Plaza	68139
Abba	Kirkness	akirkness7o@mediafire.com	29	Moulton	Place	50258
Aurore	Balmann	abalmann7p@examiner.com	8692	Sherman	Plaza	22184
Elissa	Lombard	elombard7q@wordpress.org	0790	Jackson	Parkway	10018
Zolly	Clouston	zclouston7r@usatoday.com	7244	Fuller	Point	82718
Ronny	Poyzer	rpoyzer7s@who.int	2420	Rutledge	Junction	30041
Bernard	Gori	bgori7t@blogtalkradio.com	006	Clove	Crossing	53170
Sheelah	Kinkead	skinkead7u@phpbb.com	1	Mcbride	Way	12870
Pieter	Fransoni	pfransoni7v@cbsnews.com	51986	Lerdahl	Court	22827
Claudius	Haycox	chaycox7w@360.cn	3	Sachtjen	Junction	43046
Lianne	Ackred	lackred7x@acquirethisname.com	2	Pleasure	Drive	33323
Nathanil	Syddall	nsyddall7y@wisc.edu	63648	Moulton	Place	01266
Sherill	Moggle	smoggle7z@nature.com	45	Briar Crest	Court	39766
Judith	Blamphin	jblamphin80@dot.gov	98374	Lakewood Gardens	Place	60434
May	Yearns	myearns81@opensource.org	8	Mccormick	Lane	07021
Birgitta	O'Donegan	bodonegan82@earthlink.net	534	Forster	Park	68626
Erastus	Kuzma	ekuzma83@bizjournals.com	533	Fair Oaks	Avenue	41268
Wittie	Dewi	wdewi84@guardian.co.uk	7429	Glacier Hill	Pass	02830
Barret	Christall	bchristall85@fastcompany.com	30483	Village	Junction	75323
Leopold	Meeking	lmeeking86@jiathis.com	68108	Arkansas	Parkway	75214
Nico	Townson	ntownson87@nbcnews.com	48154	Laurel	Junction	83253
Pace	Eard	peard88@infoseek.co.jp	36514	Namekagon	Junction	32798
Ryun	Forward	rforward89@icq.com	40455	Crowley	Road	68643
Dody	Criple	dcriple8a@360.cn	4035	Grim	Street	56666
Ilka	Bernadot	ibernadot8b@hp.com	6	Nevada	Lane	72636
Colene	Raspison	craspison8c@elpais.com	0876	Nova	Junction	92078
Elliot	Preddle	epreddle8d@dyndns.org	03047	Loeprich	Circle	66736
Jewell	Pedlow	jpedlow8e@github.com	8	Gale	Lane	68752
Lock	Cheal	lcheal8f@usa.gov	84705	Portage	Parkway	37340
Lorianne	Belcher	lbelcher8g@cyberchimps.com	27	Fuller	Street	32305
Wandie	Moorfield	wmoorfield8h@marriott.com	18	Bluejay	Road	04103
Cati	Duffer	cduffer8i@privacy.gov.au	6	Anhalt	Hill	96818
Ines	Horsley	ihorsley8j@dailymail.co.uk	01	Derek	Point	77093
Norbert	Bortoluzzi	nbortoluzzi8k@t-online.de	13025	Fisk	Parkway	83701
Elijah	Addington	eaddington8l@mlb.com	2	Merry	Junction	54004
Tammie	Elliot	telliot8m@infoseek.co.jp	0320	Kipling	Court	35466
Gaye	Klimushev	gklimushev8n@ocn.ne.jp	8997	Drewry	Circle	50317
Beth	Henaughan	bhenaughan8o@lycos.com	0	Bultman	Circle	91409
Candi	Giacomini	cgiacomini8p@ustream.tv	9624	Lake View	Hill	87728
Renado	Pfeffel	rpfeffel8q@edublogs.org	94308	Hermina	Point	71016
Chucho	Sadry	csadry8r@time.com	2	Clyde Gallagher	Lane	27278
Thornie	Ben	tben8s@altervista.org	2695	Merchant	Court	46197
Rufus	Haszard	rhaszard8t@chronoengine.com	334	Hollow Ridge	Court	43017
Velvet	Bernet	vbernet8u@washingtonpost.com	426	David	Court	59457
Filberte	Perche	fperche8v@gov.uk	984	Johnson	Place	78606
Herman	Pilch	hpilch8w@blinklist.com	8	Fieldstone	Road	43749
Rae	Poundford	rpoundford8x@independent.co.uk	78360	East	Place	97390
Darlene	Prall	dprall8y@reverbnation.com	2	Corben	Way	65806
Barbara	Macro	bmacro8z@cbc.ca	598	Elka	Court	82243
L;urette	Esposito	lesposito90@nbcnews.com	30229	Sundown	Court	09890
Andreana	Butlin	abutlin91@blog.com	0	Fordem	Drive	15727
Constantine	Wandrack	cwandrack92@redcross.org	2459	Northfield	Point	75121
Becky	Boch	bboch93@wikipedia.org	52	Sugar	Center	54565
Antonietta	Kevern	akevern94@jalbum.net	47435	Fieldstone	Parkway	37754
Annamaria	Aers	aaers95@umich.edu	31	Macpherson	Trail	00978
Oralie	Danilyak	odanilyak96@nifty.com	69335	Hanson	Road	23295
Ciel	Klaves	cklaves97@umn.edu	13	Cardinal	Junction	28656
Fonz	Legion	flegion98@loc.gov	70	Birchwood	Drive	26208
Bevan	Sherar	bsherar99@bloglines.com	923	Tennessee	Center	09100
Celestine	Bloomer	cbloomer9a@hhs.gov	6	Artisan	Junction	88003
Orelie	Shama	oshama9b@bluehost.com	0	Anniversary	Hill	37931
Hattie	Mosedill	hmosedill9c@virginia.edu	800	Annamark	Crossing	82644
Travis	Wickerson	twickerson9d@home.pl	79	Schiller	Parkway	14647
Erin	Crake	ecrake9e@answers.com	48	Carioca	Court	36120
Lyle	Mussalli	lmussalli9f@uiuc.edu	447	Drewry	Park	13155
Kylie	Moorcraft	kmoorcraft9g@naver.com	1	Westridge	Road	92866
Ethelred	Muzzlewhite	emuzzlewhite9h@tripadvisor.com	1349	Kinsman	Plaza	10550
Marga	Medland	mmedland9i@bing.com	827	Blue Bill Park	Alley	25324
Celestine	Crollman	ccrollman9j@bigcartel.com	984	Old Gate	Circle	33902
Winna	Brimson	wbrimson9k@goo.ne.jp	7513	Sullivan	Lane	49264
Merry	Girardin	mgirardin9l@craigslist.org	96028	Dottie	Circle	55053
Padriac	Hitzmann	phitzmann9m@dailymotion.com	186	Meadow Vale	Park	70047
Adrea	Blakelock	ablakelock9n@zdnet.com	371	Bashford	Lane	09378
Vitia	Tregidgo	vtregidgo9o@ucla.edu	2660	Meadow Valley	Drive	05481
Charmain	Minchi	cminchi9p@house.gov	57362	Truax	Circle	29556
Gaby	Cherry	gcherry9q@cdc.gov	33313	Butternut	Road	20747
Udell	Ciubutaro	uciubutaro9r@virginia.edu	3	Lake View	Drive	71030
Maisie	O' Hogan	mohogan9s@hostgator.com	025	Corry	Street	27503
Lainey	Farlam	lfarlam9t@freewebs.com	7555	Arrowood	Drive	64433
Thea	Keywood	tkeywood9u@aol.com	19	Armistice	Lane	66780
Analiese	Seifert	aseifert9v@so-net.ne.jp	2	Myrtle	Center	49402
Winston	Andrassy	wandrassy9w@nps.gov	8766	Anniversary	Crossing	62806
Donella	Keightley	dkeightley9x@hexun.com	96910	Dapin	Court	18229
Torrence	Pepi	tpepi9y@hatena.ne.jp	16224	Londonderry	Avenue	73536
Lynea	De Blasi	ldeblasi9z@reddit.com	7	Milwaukee	Pass	72324
Fred	Gross	fgrossa0@walmart.com	880	Sheridan	Circle	72319
Colas	Hallick	challicka1@discovery.com	9	Merry	Crossing	37416
Estella	Alders	ealdersa2@google.cn	983	Lighthouse Bay	Parkway	77465
Simona	Nimmo	snimmoa3@zimbio.com	033	Twin Pines	Court	67846
Rowen	Aldam	raldama4@networksolutions.com	2	Emmet	Alley	28402
Salaidh	Yousef	syousefa5@mtv.com	48	Hazelcrest	Trail	92010
Shirline	Bonellie	sbonelliea6@admin.ch	3991	Fremont	Circle	60458
Cherry	Naerup	cnaerupa7@hp.com	054	Butternut	Drive	60609
Jobie	Carvell	jcarvella8@nydailynews.com	957	Sunnyside	Hill	17608
Vic	Woollaston	vwoollastona9@spotify.com	580	Florence	Plaza	25928
Gizela	Butteris	gbutterisaa@zimbio.com	2024	Warbler	Avenue	52550
Hollyanne	Vigours	hvigoursab@nydailynews.com	0935	Center	Crossing	12092
Clayborne	Beechcraft	cbeechcraftac@huffingtonpost.com	76715	Mcbride	Pass	06469
Zoe	Haddacks	zhaddacksad@booking.com	5524	Goodland	Court	54486
Stella	Fairlaw	sfairlawae@about.me	462	Westport	Drive	76667
Joete	Bartkowiak	jbartkowiakaf@liveinternet.ru	09	Ronald Regan	Drive	71653
Danyelle	Cruces	dcrucesag@multiply.com	781	Village Green	Street	32062
Joelle	Hugle	jhugleah@pcworld.com	564	Butternut	Terrace	98385
Egan	Franzonello	efranzonelloai@biglobe.ne.jp	577	Rutledge	Hill	48804
Carolina	Britian	cbritianaj@example.com	4	Debra	Crossing	25311
Roger	Beldham	rbeldhamak@auda.org.au	6379	Harbort	Park	76013
Von	Brunner	vbrunneral@time.com	02	Riverside	Junction	28572
Shirl	Mollatt	smollattam@home.pl	253	Buhler	Junction	54166
Newton	Noweak	nnoweakan@google.ca	754	Montana	Center	15944
Derrek	Dewick	ddewickao@va.gov	2665	Reinke	Circle	40830
Archibald	Bence	abenceap@mashable.com	97	Mifflin	Parkway	46910
Beatrice	Noblett	bnoblettaq@behance.net	02112	Tomscot	Parkway	11239
Alexandro	Basley	abasleyar@utexas.edu	9	Bashford	Avenue	79415
Candice	Mackney	cmackneyas@topsy.com	167	Warner	Center	24977
Hilario	Eyckelbeck	heyckelbeckat@mashable.com	8	Jay	Trail	54501
Rex	Franzettoini	rfranzettoiniau@economist.com	088	Barby	Place	55016
Forbes	McEneny	fmcenenyav@ucoz.ru	97403	Lindbergh	Crossing	87510
Tracy	Brimilcombe	tbrimilcombeaw@mozilla.com	03	Everett	Hill	95930
Germana	Merriday	gmerridayax@youtu.be	20	Banding	Way	98345
Audre	Morrissey	amorrisseyay@bandcamp.com	69	Hazelcrest	Circle	72132
Minnaminnie	Leggett	mleggettaz@a8.net	036	Kingsford	Circle	26366
Anselm	Bestwick	abestwickb0@imgur.com	653	Packers	Avenue	06199
Cherida	Matusov	cmatusovb1@wisc.edu	31285	Johnson	Alley	93042
Goran	Pavlenko	gpavlenkob2@weibo.com	00554	Vidon	Terrace	84068
Rodolph	Pymer	rpymerb3@t.co	2446	Leroy	Street	10286
Jeanelle	Bason	jbasonb4@census.gov	02	Wayridge	Court	97384
Cordey	Raubenheim	craubenheimb5@studiopress.com	55179	Dayton	Parkway	87654
Lesya	Moxham	lmoxhamb6@about.me	56641	Lake View	Trail	78841
Freeman	Brinkley	fbrinkleyb7@ocn.ne.jp	0863	Kingsford	Junction	49858
Pernell	Alcorn	palcornb8@topsy.com	60	Bunker Hill	Place	78762
Mallory	Pavese	mpaveseb9@salon.com	1	Mcguire	Pass	27045
Nil	Bromage	nbromageba@bizjournals.com	9	Westport	Drive	36503
Keenan	Ferriman	kferrimanbb@dion.ne.jp	3819	Hooker	Circle	83324
Seline	Wharby	swharbybc@npr.org	12182	Meadow Ridge	Road	16364
Liesa	Mahy	lmahybd@zimbio.com	2	Tomscot	Pass	73662
Magda	Gemeau	mgemeaube@businesswire.com	5	Grasskamp	Park	18842
Meredith	Lenox	mlenoxbf@quantcast.com	3	Eastlawn	Hill	99362
Jodie	Ridsdell	jridsdellbg@tripod.com	392	Warbler	Park	66502
Onida	Saffran	osaffranbh@storify.com	554	Fair Oaks	Park	08607
Gabriela	Try	gtrybi@barnesandnoble.com	32092	Cherokee	Way	15761
Brewer	Brilon	bbrilonbj@wp.com	988	Novick	Point	08097
Jocelyn	Flaherty	jflahertybk@sun.com	897	Mesta	Park	70185
Ignace	Hanks	ihanksbl@a8.net	314	Monument	Crossing	03867
Rorie	Kyneton	rkynetonbm@virginia.edu	8	Heath	Drive	67013
Jacqueline	MacDougal	jmacdougalbn@who.int	8090	Daystar	Park	15948
Corella	Cookman	ccookmanbo@bloglines.com	1038	Old Shore	Circle	24609
Xylia	Gregoire	xgregoirebp@mediafire.com	99532	Nova	Plaza	35584
Jacquie	Schroeder	jschroederbq@home.pl	0087	Hovde	Alley	55787
Candice	Corradino	ccorradinobr@sina.com.cn	99496	Grayhawk	Hill	43522
Emelda	Galiero	egalierobs@digg.com	856	Linden	Trail	71112
Franchot	Wrightam	fwrightambt@businessweek.com	59	Sullivan	Road	21264
Roderick	Jozsa	rjozsabu@shutterfly.com	7	5th	Place	12019
Eve	Bingle	ebinglebv@soundcloud.com	2518	Rusk	Alley	09874
Bobbette	Mosey	bmoseybw@globo.com	89	Atwood	Drive	67120
Gerhard	Sainsbury-Brown	gsainsburybrownbx@mayoclinic.com	38	Myrtle	Crossing	57235
Waverley	McGrirl	wmcgrirlby@chicagotribune.com	4	Heath	Pass	48357
Gusta	Rieflin	grieflinbz@mapquest.com	3	Fulton	Parkway	48202
Edythe	Stevani	estevanic0@wikispaces.com	8	Nelson	Lane	98041
Aeriel	Jedrzejkiewicz	ajedrzejkiewiczc1@miitbeian.gov.cn	801	Manitowish	Pass	50940
Blayne	Creany	bcreanyc2@live.com	6473	Barnett	Parkway	70093
Tasia	Kleiser	tkleiserc3@wikia.com	6	Maryland	Court	78656
Arch	Eckford	aeckfordc4@t-online.de	0711	Shoshone	Avenue	52165
Araldo	McQuorkell	amcquorkellc5@cbsnews.com	3920	Duke	Point	25111
Cheston	Haseman	chasemanc6@soup.io	5	Merry	Road	23313
Carl	Widdowfield	cwiddowfieldc7@who.int	85884	Becker	Court	15110
Lindsy	Dummigan	ldummiganc8@hubpages.com	12	Burning Wood	Court	84042
Chevy	Skones	cskonesc9@netvibes.com	49	Oak Valley	Alley	31502
Kerr	Long	klongca@aboutads.info	92178	Sauthoff	Parkway	22350
Leonore	Pauli	lpaulicb@dailymotion.com	708	Redwing	Hill	77363
Minda	Reicharz	mreicharzcc@mozilla.com	9	Mayer	Park	07192
Lilith	Baddeley	lbaddeleycd@discuz.net	0803	Mandrake	Alley	56123
Jecho	Vaar	jvaarce@rediff.com	916	Roxbury	Terrace	75042
Hersh	Rawcliffe	hrawcliffecf@dailymotion.com	091	Granby	Junction	24554
Charmian	Fransson	cfranssoncg@washington.edu	20	Westridge	Road	80728
Sauncho	Labarre	slabarrech@vinaora.com	96	Veith	Avenue	84308
Clerissa	Deboick	cdeboickci@tiny.cc	8	Almo	Court	73743
Kalinda	Orro	korrocj@webmd.com	997	Chive	Avenue	62907
Waiter	Turbard	wturbardck@ning.com	2130	Kingsford	Alley	83520
Lynea	Renyard	lrenyardcl@theatlantic.com	99	3rd	Avenue	50446
Hobart	Woodings	hwoodingscm@state.gov	2811	Spohn	Lane	33483
Somerset	Loud	sloudcn@google.com	790	Gulseth	Alley	82423
Edythe	Cathenod	ecathenodco@yahoo.co.jp	5290	Bashford	Point	05867
Herb	Westerman	hwestermancp@bandcamp.com	33	Dottie	Parkway	94211
Barde	Castana	bcastanacq@va.gov	97805	Vermont	Park	98283
Nikolai	Mea	nmeacr@gravatar.com	80065	Summerview	Avenue	07715
Philipa	McCrow	pmccrowcs@abc.net.au	1	Dawn	Lane	95962
Sergio	Dunbar	sdunbarct@phoca.cz	0	Lukken	Circle	75441
Eddie	Jorez	ejorezcu@wikimedia.org	20	Northridge	Terrace	97029
Geraldine	Maymand	gmaymandcv@hubpages.com	1686	Rockefeller	Pass	78015
Garik	Florio	gfloriocw@cargocollective.com	82693	Ronald Regan	Pass	97327
Aili	Giggie	agiggiecx@sciencedaily.com	8569	8th	Way	93614
Horatia	De Hooge	hdehoogecy@ox.ac.uk	5250	Bay	Hill	85277
Gilburt	Schankelborg	gschankelborgcz@google.com.au	65	Dexter	Plaza	58052
Allene	Valentim	avalentimd0@omniture.com	8	Lyons	Center	75264
Etan	Bernhard	ebernhardd1@jugem.jp	44044	Becker	Plaza	08405
Scottie	Skym	sskymd2@cmu.edu	5345	Atwood	Alley	96717
Sergio	Room	sroomd3@ox.ac.uk	2985	Jenna	Circle	62424
Caty	Tran	ctrand4@usda.gov	370	Welch	Point	95956
Chickie	Borwick	cborwickd5@npr.org	3	Porter	Hill	22093
Meyer	Starking	mstarkingd6@tiny.cc	494	Kensington	Alley	21919
Jordon	Carneck	jcarneckd7@salon.com	83304	Warner	Trail	33807
Valina	Kime	vkimed8@booking.com	2245	Schurz	Road	43439
Lynnea	Ferneley	lferneleyd9@1688.com	90	Lukken	Street	82081
Travis	Slee	tsleeda@biglobe.ne.jp	964	Village Green	Center	96808
Waylen	Pasque	wpasquedb@flavors.me	541	Luster	Park	43615
Latashia	Impleton	limpletondc@shutterfly.com	26	Reinke	Drive	25728
Gianni	Full	gfulldd@topsy.com	45890	Hayes	Center	04611
Adler	Meatcher	ameatcherde@mapy.cz	9	Dovetail	Junction	41630
Land	Corp	lcorpdf@people.com.cn	07160	Boyd	Center	92258
Alejoa	Gittins	agittinsdg@deliciousdays.com	47	Eagan	Pass	67449
Gar	Kauscher	gkauscherdh@wix.com	1	Blackbird	Crossing	28635
Denney	Buttrum	dbuttrumdi@omniture.com	8278	Magdeline	Pass	94951
Henka	Eastabrook	heastabrookdj@twitpic.com	80600	Chinook	Park	43547
Rosalie	Romke	rromkedk@miibeian.gov.cn	8087	Stang	Road	92610
Nataniel	Ben	nbendl@ucoz.ru	194	Dawn	Hill	72058
Moe	Klimschak	mklimschakdm@behance.net	63262	Thierer	Crossing	21035
Gwenora	Johnke	gjohnkedn@barnesandnoble.com	39258	Graceland	Terrace	28721
Berny	Castro	bcastrodo@weibo.com	55020	Oak	Junction	76870
Rhetta	Cawthra	rcawthradp@alibaba.com	218	Karstens	Pass	60151
Dar	Tumasian	dtumasiandq@google.com.au	79	Gale	Pass	59731
Drud	Dooher	ddooherdr@prlog.org	727	Lerdahl	Point	77208
Anselma	Larvin	alarvinds@columbia.edu	63735	Eagle Crest	Park	52136
Killian	Snell	ksnelldt@fotki.com	5896	Reindahl	Street	54643
Virgie	Smither	vsmitherdu@techcrunch.com	81	Elka	Hill	27865
Warden	Rendall	wrendalldv@smugmug.com	7727	Birchwood	Point	24078
Fitz	Bowlas	fbowlasdw@apache.org	5	Golf	Alley	85722
Rabbi	Stratley	rstratleydx@archive.org	70917	Sunfield	Center	82836
Helge	Plan	hplandy@soup.io	8	Village Green	Crossing	37705
Ogdan	Hiscoke	ohiscokedz@arstechnica.com	5	Glendale	Circle	33686
Marco	Odcroft	modcrofte0@unc.edu	240	Hintze	Lane	98043
Sherri	Christol	schristole1@ow.ly	2876	Bluejay	Place	64150
Edmund	Walter	ewaltere2@sitemeter.com	7	6th	Terrace	47177
Chelsie	Storres	cstorrese3@sphinn.com	75391	Meadow Valley	Junction	04210
Liliane	Casserly	lcasserlye4@hao123.com	0628	West	Avenue	46107
Bendite	Stickles	bsticklese5@usatoday.com	913	Bayside	Street	24422
Mikkel	Legh	mleghe6@woothemes.com	23635	Esch	Parkway	14109
Oriana	Scoffham	oscoffhame7@samsung.com	44043	Northport	Street	28269
Julianne	Mulmuray	jmulmuraye8@earthlink.net	54566	Green	Alley	19054
Beitris	Behning	bbehninge9@mediafire.com	66	Nova	Court	33011
Carver	Mercy	cmercyea@seattletimes.com	27	International	Street	67131
Radcliffe	Cesco	rcescoeb@google.co.jp	8135	Mesta	Pass	78705
Burch	MacCheyne	bmaccheyneec@aboutads.info	043	Russell	Place	84328
Bartholomew	Grima	bgrimaed@livejournal.com	82	Parkside	Road	48095
Mollee	Alesbrook	malesbrookee@dion.ne.jp	1149	Erie	Street	06025
Donovan	Farlambe	dfarlambeef@cbc.ca	7	Brown	Park	78341
Marian	Lonsbrough	mlonsbrougheg@symantec.com	88415	Dryden	Plaza	44619
Lolly	Johnston	ljohnstoneh@si.edu	7	Veith	Hill	66408
Peyter	McCotter	pmccotterei@github.com	011	Springview	Terrace	18240
Doy	Eads	deadsej@nytimes.com	48	Bartillon	Road	64645
Junie	Jaulme	jjaulmeek@infoseek.co.jp	969	Waubesa	Alley	23359
Gerty	Laying	glayingel@discovery.com	4	Sachtjen	Court	80280
Bron	Andrejevic	bandrejevicem@state.gov	01548	Lunder	Street	20266
Odilia	Lawtey	olawteyen@hp.com	7171	Grim	Point	73661
Peggy	Pendlenton	ppendlentoneo@etsy.com	4	Fisk	Way	01864
Broderick	Somerfield	bsomerfieldep@mlb.com	50	Loeprich	Terrace	46295
Cosimo	Yurocjhin	cyurocjhineq@ihg.com	55	Ohio	Place	72372
Celine	Rousby	crousbyer@ucsd.edu	218	Gale	Court	72210
Elsy	Pinke	epinkees@is.gd	24	Gateway	Pass	13158
Morgun	Adolfson	madolfsonet@admin.ch	4419	Dorton	Parkway	62220
Merrel	Dougan	mdouganeu@artisteer.com	08997	Anniversary	Way	07760
Francoise	Bumpass	fbumpassev@blogtalkradio.com	2920	Lukken	Junction	90633
Nonie	Camamile	ncamamileew@apple.com	3	Corry	Pass	71951
Amos	Jindacek	ajindacekex@va.gov	02244	Erie	Crossing	50236
Colly	Bienvenu	cbienvenuey@miitbeian.gov.cn	67	High Crossing	Circle	97269
Jade	Scholey	jscholeyez@amazon.co.jp	680	North	Lane	97205
Hollis	Bloxsome	hbloxsomef0@forbes.com	3597	Meadow Vale	Way	31076
Stanton	Iczokvitz	siczokvitzf1@spotify.com	2203	Banding	Terrace	07647
Elene	Sisey	esiseyf2@blogspot.com	1108	Mesta	Way	06759
Doti	Neill	dneillf3@theguardian.com	876	Dayton	Park	68028
Sherline	Staning	sstaningf4@army.mil	76641	Reinke	Trail	55459
Julee	Highnam	jhighnamf5@spotify.com	09703	Loomis	Hill	14443
Jerrie	Keford	jkefordf6@spotify.com	9355	Anderson	Crossing	26034
Antonia	Woolmington	awoolmingtonf7@diigo.com	8315	Sunfield	Lane	53701
Lusa	McInility	lmcinilityf8@nytimes.com	63864	Waxwing	Hill	08880
Justin	Bogays	jbogaysf9@acquirethisname.com	7363	Menomonie	Alley	87061
Kessiah	Sharvill	ksharvillfa@google.ca	86	Manitowish	Hill	82060
Grant	O'Nions	gonionsfb@moonfruit.com	4186	Golf	Pass	60958
Adela	Drains	adrainsfc@devhub.com	0	Merry	Hill	28792
Victor	Searles	vsearlesfd@google.pl	5594	Nova	Park	85376
Ash	Hector	ahectorfe@oaic.gov.au	2298	Westport	Crossing	39482
Rodge	Brigshaw	rbrigshawff@cargocollective.com	49	Columbus	Trail	76112
Niki	Polkinhorn	npolkinhornfg@va.gov	4	Elmside	Street	62560
Phillis	Agus	pagusfh@yahoo.com	7	Sauthoff	Junction	75492
Brose	Cobbing	bcobbingfi@kickstarter.com	9	5th	Park	61469
Ashil	Anderbrugge	aanderbruggefj@go.com	97732	2nd	Court	01523
Valli	Patridge	vpatridgefk@princeton.edu	3	Sauthoff	Parkway	64659
Vin	Hoogendorp	vhoogendorpfl@php.net	64443	Sunbrook	Terrace	61235
Gypsy	Feldstern	gfeldsternfm@soundcloud.com	21	Clemons	Plaza	98590
Donnie	Botler	dbotlerfn@dot.gov	5	Portage	Park	48626
Sula	Danielsson	sdanielssonfo@nps.gov	5	Blue Bill Park	Place	56395
Pascale	Leaver	pleaverfp@facebook.com	8475	Grayhawk	Point	97464
Aeriela	Dyball	adyballfq@arizona.edu	484	Shopko	Street	51466
Godart	Trayes	gtrayesfr@earthlink.net	32	Evergreen	Crossing	44843
Gene	Gobell	ggobellfs@pinterest.com	786	Hovde	Plaza	60619
Ricard	Rawcliffe	rrawcliffeft@yandex.ru	993	Norway Maple	Terrace	80433
Karin	Harkes	kharkesfu@istockphoto.com	10852	Colorado	Alley	99688
Arnaldo	Jaffa	ajaffafv@boston.com	181	Kinsman	Plaza	70546
Ricki	June	rjunefw@acquirethisname.com	28	Kensington	Court	36480
Yoko	Eden	yedenfx@wordpress.org	7	Bluejay	Drive	71854
Leyla	Virgo	lvirgofy@netscape.com	72266	Vidon	Avenue	16352
Abbott	Hendricks	ahendricksfz@wufoo.com	84	Roth	Plaza	42375
Nikolas	O'Loghlen	nologhleng0@twitter.com	4003	Northfield	Way	03845
Murry	Pele	mpeleg1@blogtalkradio.com	81756	Crescent Oaks	Trail	91746
Miran	Collyer	mcollyerg2@theatlantic.com	438	Shasta	Hill	11708
Dannel	Finci	dfincig3@google.fr	64	Blaine	Center	75708
Weylin	Willavize	wwillavizeg4@rambler.ru	79	Lakeland	Park	75074
Diane-marie	Greenlees	dgreenleesg5@blogspot.com	87	Montana	Point	10591
Nissie	Burley	nburleyg6@lycos.com	10	Del Mar	Terrace	01960
Arlan	Crepel	acrepelg7@squarespace.com	7120	Pearson	Point	05861
Reinold	Bielfeld	rbielfeldg8@smugmug.com	88276	Barby	Avenue	87567
Daniele	Kernes	dkernesg9@com.com	69725	Canary	Avenue	75669
Constancia	Auld	cauldga@barnesandnoble.com	27	Colorado	Pass	75089
Gabbie	McGarahan	gmcgarahangb@shop-pro.jp	7	Heffernan	Crossing	36607
Atlante	Matteotti	amatteottigc@theguardian.com	349	Thackeray	Plaza	96722
Vernon	Wegman	vwegmangd@sphinn.com	316	4th	Circle	45120
Holly	Bourrel	hbourrelge@nba.com	95306	Bashford	Trail	43469
Leshia	Martyns	lmartynsgf@paypal.com	5588	East	Court	78881
Sean	Dowbekin	sdowbekingg@miitbeian.gov.cn	819	Amoth	Park	24216
Cherrita	Skelding	cskeldinggh@discuz.net	17565	Warrior	Lane	73443
Chadwick	Snarr	csnarrgi@amazonaws.com	30910	Lindbergh	Terrace	05833
Kermie	Hearsey	khearseygj@amazon.co.jp	70	Johnson	Avenue	18255
Aleece	Surgey	asurgeygk@dot.gov	9	Emmet	Center	71328
Yorker	Tezure	ytezuregl@issuu.com	19154	Columbus	Way	28709
Norine	Kinnie	nkinniegm@ocn.ne.jp	0	Merchant	Hill	45232
Zack	Dorracott	zdorracottgn@elegantthemes.com	20432	7th	Terrace	88568
Willette	Woodroof	wwoodroofgo@webmd.com	4	1st	Road	27284
Eadmund	Whyberd	ewhyberdgp@fc2.com	6149	Vermont	Terrace	37614
Tanya	Tilbrook	ttilbrookgq@twitpic.com	13	Farmco	Point	14857
Thain	Rutherford	trutherfordgr@is.gd	5	Derek	Park	72456
Bernard	Hobbert	bhobbertgs@toplist.cz	890	Gateway	Point	20433
Carleton	Vevers	cveversgt@joomla.org	32444	Springs	Terrace	66045
Northrup	Verdie	nverdiegu@flavors.me	1	Bartelt	Center	65261
Larine	Spooner	lspoonergv@1688.com	9	Mitchell	Point	05653
Joane	Ortell	jortellgw@phoca.cz	5	Di Loreto	Center	63828
Ronalda	Mallindine	rmallindinegx@netlog.com	9997	Monica	Avenue	24951
Jermayne	Guitonneau	jguitonneaugy@squidoo.com	441	Fulton	Court	17603
Kimberli	Lewin	klewingz@uiuc.edu	2014	Prairieview	Junction	04642
Jone	Shorte	jshorteh0@ovh.net	4	Oriole	Pass	63730
Marlin	Bartle	mbartleh1@list-manage.com	1090	Bunting	Drive	19718
Olivia	Austen	oaustenh2@dropbox.com	8901	Briar Crest	Circle	57068
Franz	Barnet	fbarneth3@geocities.com	38	Calypso	Hill	55068
Gabriella	Ragate	gragateh4@jigsy.com	77111	Merry	Junction	02858
Aurelea	Reitenbach	areitenbachh5@narod.ru	8824	Ronald Regan	Way	21403
Jerrold	Cantopher	jcantopherh6@cocolog-nifty.com	32408	Clyde Gallagher	Parkway	42436
Dian	Lack	dlackh7@paginegialle.it	668	Division	Terrace	35006
Normand	Puddle	npuddleh8@economist.com	1687	Gulseth	Way	78956
Gaelan	Rossbrook	grossbrookh9@bing.com	592	Toban	Drive	93784
Tallia	Jori	tjoriha@google.co.jp	314	Armistice	Hill	25440
Tiff	Berceros	tberceroshb@irs.gov	4	Sachtjen	Street	75064
Kori	Morrad	kmorradhc@barnesandnoble.com	59	Westport	Court	27041
Susie	Commin	scomminhd@xinhuanet.com	74	Nelson	Crossing	83321
Cleve	Grishankov	cgrishankovhe@cbsnews.com	0944	Loomis	Court	13103
Emmy	Kimbell	ekimbellhf@spotify.com	6236	Summerview	Road	97523
Allard	Champley	achampleyhg@state.gov	0443	Walton	Pass	56540
Di	Leheude	dleheudehh@senate.gov	21607	Clemons	Alley	20108
Delmar	Alison	dalisonhi@msn.com	59	Talisman	Plaza	12444
Desmond	Gascoine	dgascoinehj@wunderground.com	7	Schmedeman	Junction	31901
Elmer	Zorzutti	ezorzuttihk@live.com	4	Muir	Alley	91521
Morgen	Mayho	mmayhohl@baidu.com	83217	Morningstar	Park	49267
Kristina	Antram	kantramhm@last.fm	02	Stang	Terrace	06384
Danice	Lusty	dlustyhn@friendfeed.com	59105	Walton	Point	43789
Julia	Caulder	jcaulderho@hexun.com	099	Ridgeview	Park	38652
Venus	Meeke	vmeekehp@ebay.co.uk	1996	Brown	Pass	35289
Morton	Hellwig	mhellwighq@jimdo.com	4	Colorado	Drive	54474
Nari	Whitwham	nwhitwhamhr@jugem.jp	78848	Nevada	Center	68346
Clemence	Swiers	cswiershs@walmart.com	8925	Russell	Avenue	78951
Darcy	Heighway	dheighwayht@un.org	469	Eggendart	Street	28684
Selena	Rushbrooke	srushbrookehu@hubpages.com	9	Sundown	Drive	48242
Any	MacDonagh	amacdonaghhv@wsj.com	66	Springview	Trail	79997
Hattie	Branney	hbranneyhw@yale.edu	02750	Hoffman	Center	68761
Ellen	Willgoss	ewillgosshx@home.pl	77	Anzinger	Point	12777
Penni	Linster	plinsterhy@reference.com	0	Fremont	Pass	23976
Matilda	Stretton	mstrettonhz@ucsd.edu	19004	Fair Oaks	Center	50278
Allix	Amberson	aambersoni0@cam.ac.uk	680	Orin	Junction	44502
Zach	Stollwerck	zstollwercki1@hubpages.com	0111	Stuart	Way	99548
Hobie	Lattimer	hlattimeri2@ed.gov	8554	Jackson	Road	48195
Howard	Elkin	helkini3@usatoday.com	05225	Loomis	Hill	73706
Niko	Volks	nvolksi4@bigcartel.com	2693	Old Gate	Center	28462
Josselyn	MacSherry	jmacsherryi5@themeforest.net	193	Harper	Road	73601
Bonni	Reffe	breffei6@ebay.com	18578	Merry	Circle	56162
Valentino	Scough	vscoughi7@instagram.com	112	Hansons	Way	44504
Candice	Clue	ccluei8@nbcnews.com	904	Vidon	Trail	16214
Tommi	Northing	tnorthingi9@yahoo.co.jp	56	Basil	Court	99763
Ron	Perrington	rperringtonia@netvibes.com	7	Mayer	Center	43554
Ancell	Moorcraft	amoorcraftib@apache.org	76	Lighthouse Bay	Road	09509
Gerrard	Rowth	growthic@sitemeter.com	72342	Toban	Park	28531
Celle	Blasius	cblasiusid@gravatar.com	850	Hollow Ridge	Terrace	97709
Sharl	Westhead	swestheadie@marketwatch.com	6	Oriole	Pass	61534
Marco	Dewitt	mdewittif@vkontakte.ru	8	Helena	Circle	19444
Marilyn	Ludman	mludmanig@wikimedia.org	91	Springs	Trail	84782
Evelyn	Hubert	ehubertih@ameblo.jp	34854	Rockefeller	Street	15537
Lucius	Warrilow	lwarrilowii@youtube.com	8210	Cascade	Drive	72088
Alice	Flatt	aflattij@prlog.org	5544	Elka	Point	43337
Kippie	Buckoke	kbuckokeik@ezinearticles.com	48	Orin	Hill	23250
Lorri	Vurley	lvurleyil@ebay.co.uk	14558	Westerfield	Point	36606
Alford	Cappleman	acapplemanim@yandex.ru	564	Caliangt	Circle	13061
Dorey	Renwick	drenwickin@google.com	6954	Maple	Avenue	28133
Tansy	Edmondson	tedmondsonio@bbc.co.uk	082	Ludington	Street	64126
Bank	Paffley	bpaffleyip@census.gov	7	Mosinee	Street	18092
Corabel	Meeking	cmeekingiq@wordpress.com	4656	Transport	Parkway	73528
Sander	Doale	sdoaleir@oaic.gov.au	55	Maple Wood	Point	31328
Fidel	Vanyashkin	fvanyashkinis@dagondesign.com	0046	Brown	Hill	60415
Guenevere	Sudy	gsudyit@biglobe.ne.jp	921	Pepper Wood	Park	75089
Editha	Linke	elinkeiu@gnu.org	2	Moland	Terrace	78728
Burl	McMenamie	bmcmenamieiv@stanford.edu	7	Utah	Street	47142
Gayler	Brave	gbraveiw@si.edu	84	Bowman	Circle	71249
Gunilla	Southerton	gsouthertonix@mozilla.org	9887	Mesta	Trail	72933
Orren	Hudspith	ohudspithiy@examiner.com	128	Birchwood	Hill	49271
Cariotta	Foxton	cfoxtoniz@vkontakte.ru	557	West	Park	77260
Brien	Pomphrett	bpomphrettj0@gizmodo.com	61	Sage	Terrace	29594
Wilhelmine	Winsborrow	wwinsborrowj1@yandex.ru	7678	Stang	Avenue	04088
Estrella	Mugg	emuggj2@biblegateway.com	9	Parkside	Place	89513
Trevor	Archdeckne	tarchdecknej3@bloomberg.com	8	Roxbury	Plaza	77852
Merwyn	Hicken	mhickenj4@mapquest.com	5	Sherman	Terrace	63750
Selma	Scogin	sscoginj5@arizona.edu	18349	Packers	Parkway	65065
Angelo	Crake	acrakej6@amazon.de	114	Golf Course	Court	64170
Corey	Lay	clayj7@wsj.com	55713	Golf View	Court	38659
Almeda	Helkin	ahelkinj8@fda.gov	627	Morningstar	Center	25248
Lucien	Titta	ltittaj9@addthis.com	6193	Darwin	Center	94952
Shelden	Korpal	skorpalja@4shared.com	467	Raven	Lane	60519
Glen	Raubenheimer	graubenheimerjb@delicious.com	31	American	Plaza	01079
Benjamin	Enston	benstonjc@cloudflare.com	772	Tennyson	Junction	11518
Godard	Mattioli	gmattiolijd@wikipedia.org	798	Dottie	Parkway	36047
Pier	Pudan	ppudanje@wikia.com	1045	Melby	Place	62449
Wye	Matz	wmatzjf@hc360.com	2628	Chinook	Point	80452
Culley	Cloke	cclokejg@huffingtonpost.com	38	Crest Line	Pass	31739
Roddie	Inkster	rinksterjh@statcounter.com	9690	Anzinger	Park	43536
Skell	Nast	snastji@kickstarter.com	11931	Ryan	Park	70656
Jon	Moff	jmoffjj@va.gov	4	Lotheville	Avenue	31025
Lesley	Russon	lrussonjk@twitpic.com	42672	Graedel	Center	25550
Agustin	Grabb	agrabbjl@rambler.ru	02	Carioca	Way	28609
Dasya	Apfler	dapflerjm@dell.com	63506	Browning	Terrace	80646
Frederica	Chadbourne	fchadbournejn@people.com.cn	77824	Norway Maple	Circle	28904
Griff	Cazalet	gcazaletjo@mapy.cz	45166	Clarendon	Pass	06673
Harv	Thyng	hthyngjp@theatlantic.com	18910	Rigney	Circle	68749
Ailyn	Connold	aconnoldjq@hp.com	3	Bartillon	Point	97220
Reynold	Toulamain	rtoulamainjr@vimeo.com	18	Monument	Parkway	42216
Rhonda	Grouen	rgrouenjs@cnbc.com	8619	Bonner	Road	44815
Skylar	Hampe	shampejt@home.pl	5130	Nancy	Point	06424
Othilie	Hinstock	ohinstockju@topsy.com	9201	American	Park	41477
Sammy	Sherer	sshererjv@lulu.com	037	Hooker	Street	96095
Emogene	Steuhlmeyer	esteuhlmeyerjw@microsoft.com	913	Fulton	Place	21779
Kimball	Putman	kputmanjx@rakuten.co.jp	3	Brickson Park	Drive	25716
Mavra	Goose	mgoosejy@sphinn.com	8922	East	Way	70556
Marguerite	Purvey	mpurveyjz@shareasale.com	1307	Melvin	Place	72368
Hart	Vasilechko	hvasilechkok0@wired.com	6364	Butterfield	Avenue	80511
Marie	Comello	mcomellok1@typepad.com	83	Summit	Street	08201
Caresa	Congram	ccongramk2@wikispaces.com	19	Trailsway	Court	37806
Robinet	Callaway	rcallawayk3@deliciousdays.com	96524	Melvin	Lane	97880
Federico	Sinnat	fsinnatk4@baidu.com	6	Green Ridge	Court	12870
Trent	Mayho	tmayhok5@wikimedia.org	00	Bartillon	Alley	95212
Sven	Cottam	scottamk6@hubpages.com	33	Logan	Terrace	64439
Emerson	Davers	edaversk7@chicagotribune.com	2050	Northview	Junction	48311
Maryrose	Cockle	mcocklek8@redcross.org	561	Kings	Lane	25169
Shela	Credland	scredlandk9@google.nl	21	Pond	Junction	09333
Konstanze	Martt	kmarttka@blogtalkradio.com	46478	Kipling	Park	91977
Dov	Petrasch	dpetraschkb@cmu.edu	592	Norway Maple	Place	80447
Natalie	Branca	nbrancakc@time.com	3659	Macpherson	Trail	28025
Sallyann	Strutton	sstruttonkd@state.gov	9853	Eggendart	Circle	23345
Hewett	Colthurst	hcolthurstke@last.fm	9	Waywood	Junction	65218
Larine	Begg	lbeggkf@addtoany.com	6	Reindahl	Parkway	45674
Kristyn	Tolan	ktolankg@wikispaces.com	9	Parkside	Court	33834
Dorene	Jahner	djahnerkh@123-reg.co.uk	716	Jenifer	Junction	55933
Gerik	Fellgatt	gfellgattki@imgur.com	27	Dakota	Lane	89169
Milo	Kitney	mkitneykj@tiny.cc	9646	Hanson	Circle	52057
Kora	Eastope	keastopekk@soundcloud.com	544	Drewry	Drive	31549
Rosene	Rubinovitsch	rrubinovitschkl@php.net	6	Golf	Trail	28628
Sheppard	Brognot	sbrognotkm@netscape.com	8059	Summer Ridge	Way	78883
Arnuad	Kornas	akornaskn@vk.com	082	Garrison	Pass	43764
Cherin	Styan	cstyanko@google.co.uk	348	Schurz	Road	58639
Keary	Lambe	klambekp@hostgator.com	8	Pierstorff	Crossing	08810
Ernaline	Gillinghams	egillinghamskq@clickbank.net	1478	Red Cloud	Trail	35245
David	Impey	dimpeykr@walmart.com	7414	Mcguire	Park	04918
Pablo	Couttes	pcouttesks@studiopress.com	31	Fieldstone	Place	65041
Beryle	Van Velde	bvanveldekt@t-online.de	353	La Follette	Plaza	61477
Wolfy	Grestie	wgrestieku@foxnews.com	6	Monica	Drive	31020
Friedrich	Bollom	fbollomkv@netscape.com	38	Calypso	Point	52170
Lucky	Poulsom	lpoulsomkw@google.de	6	8th	Court	55757
Allys	Farress	afarresskx@go.com	5	Tennyson	Parkway	68720
Joleen	Aylott	jaylottky@elegantthemes.com	74	Carberry	Pass	15906
Romola	Fairest	rfairestkz@tuttocitta.it	109	Grim	Parkway	60465
Drud	McQuaide	dmcquaidel0@over-blog.com	363	Artisan	Circle	36442
Katey	Scini	kscinil1@furl.net	97532	4th	Alley	72902
Fey	Sondland	fsondlandl2@cafepress.com	7947	Jay	Place	45307
Julius	Sinkin	jsinkinl3@oakley.com	24	Bunker Hill	Plaza	78627
Dode	Ganiclef	dganiclefl4@loc.gov	5	Sauthoff	Point	87552
Charmane	Baxill	cbaxilll5@wp.com	93378	Dixon	Circle	12156
Everett	Worboys	eworboysl6@vk.com	148	Swallow	Road	73112
Ronda	Syversen	rsyversenl7@fotki.com	29693	Lakewood	Crossing	80621
Frederic	Emney	femneyl8@usa.gov	4454	Bashford	Drive	98605
Elysia	Burgher	eburgherl9@noaa.gov	801	Westport	Center	58369
Baxie	Sidebotham	bsidebothamla@360.cn	9632	Macpherson	Lane	55719
Gregg	Brantzen	gbrantzenlb@friendfeed.com	5	Reinke	Lane	15672
Lionello	Greeves	lgreeveslc@senate.gov	76	Aberg	Point	55170
Margo	Illes	millesld@squarespace.com	58	Johnson	Road	74053
Hailee	Gask	hgaskle@digg.com	5	Hooker	Avenue	28309
Caryl	Dummer	cdummerlf@gizmodo.com	23	Lighthouse Bay	Park	04563
Lulu	Huzzay	lhuzzaylg@imageshack.us	2395	6th	Point	27919
Benetta	McKeever	bmckeeverlh@wikimedia.org	90230	Bartelt	Center	06277
Belia	Hexam	bhexamli@hud.gov	4059	Pond	Road	57049
Hedwiga	Kleinhaut	hkleinhautlj@dmoz.org	2	Derek	Drive	30343
Donn	Dinnage	ddinnagelk@about.com	7194	Elgar	Parkway	05158
Asia	Waghorne	awaghornell@japanpost.jp	9	Dexter	Street	34947
Cecelia	Brunnstein	cbrunnsteinlm@baidu.com	9906	Huxley	Lane	38958
Joellyn	Straffon	jstraffonln@gov.uk	194	Melvin	Pass	87035
Clement	Comiskey	ccomiskeylo@geocities.com	58	Hooker	Center	98075
Daryl	Meineck	dmeinecklp@disqus.com	7922	Homewood	Street	32736
Etheline	Bulger	ebulgerlq@amazon.de	2809	Northport	Trail	85016
Breanne	Trewartha	btrewarthalr@smh.com.au	27	Anzinger	Plaza	34280
Aila	Wyche	awychels@clickbank.net	6	Schurz	Avenue	57238
Melamie	Burney	mburneylt@reverbnation.com	2745	Ridgeway	Center	04260
Rowney	Remnant	rremnantlu@google.com.br	83106	Derek	Center	34141
Jamill	Sansome	jsansomelv@timesonline.co.uk	17767	Sycamore	Road	91732
Frants	Simione	fsimionelw@dailymail.co.uk	55	Thompson	Plaza	45864
Ferrel	Skoggins	fskogginslx@blog.com	0	Mendota	Hill	15206
Sergeant	Nana	snanaly@cam.ac.uk	19549	Nancy	Pass	46274
Felic	Trundle	ftrundlelz@cpanel.net	27239	Harper	Lane	82224
Jamal	Wauchope	jwauchopem0@vistaprint.com	37	David	Park	96746
Cornelia	Lujan	clujanm1@e-recht24.de	1347	Mccormick	Drive	75234
Lianne	Ivankov	livankovm2@icq.com	6937	Anniversary	Center	54562
Vassily	Snawden	vsnawdenm3@vinaora.com	620	Maryland	Park	61543
Livia	Dallander	ldallanderm4@wp.com	94	Porter	Road	84528
Matthias	Starsmore	mstarsmorem5@cnn.com	87	Granby	Way	66442
Walton	Grose	wgrosem6@ow.ly	4699	Cardinal	Place	93422
Paton	Cockrell	pcockrellm7@joomla.org	8	Derek	Park	61430
Reilly	Castilljo	rcastilljom8@ameblo.jp	25422	Bobwhite	Hill	28123
Randy	Bingham	rbinghamm9@jiathis.com	8	Armistice	Junction	83236
Camella	Fairhurst	cfairhurstma@a8.net	7098	Arapahoe	Hill	48809
Alberto	Lemmen	alemmenmb@bigcartel.com	610	Del Mar	Parkway	07901
Raul	Lambarton	rlambartonmc@dailymail.co.uk	0	American Ash	Way	28333
Carmel	Ferreo	cferreomd@cnbc.com	1	Ridge Oak	Park	05362
Emelen	Trubshawe	etrubshaweme@nhs.uk	3	Barnett	Point	82938
Helga	Treacy	htreacymf@nps.gov	5	Heath	Place	45894
Frasier	Wickstead	fwicksteadmg@wikipedia.org	3516	Lien	Pass	02905
Franny	Staning	fstaningmh@cdc.gov	26837	Little Fleur	Place	88433
Anderson	Christophersen	achristophersenmi@usnews.com	01	Artisan	Center	98421
Idelle	MacMakin	imacmakinmj@nps.gov	23721	Old Shore	Plaza	73140
Marlena	Vasenin	mvaseninmk@apache.org	78069	Sutherland	Street	15132
Ardine	Korpal	akorpalml@craigslist.org	0	Vermont	Pass	33579
Sandye	Breese	sbreesemm@360.cn	37823	Clarendon	Road	16830
Rockwell	Spellar	rspellarmn@shutterfly.com	12	Cardinal	Avenue	72826
Vicki	Boughey	vbougheymo@cdc.gov	9	Twin Pines	Way	25125
Robb	Castilljo	rcastilljomp@wikipedia.org	11	Leroy	Point	47330
Devlen	Engel	dengelmq@tripod.com	81990	Helena	Lane	14692
Maria	Rosenbush	mrosenbushmr@paginegialle.it	0566	Grim	Street	05753
Berrie	Apark	baparkms@nyu.edu	88430	Schlimgen	Trail	52553
Brooks	Erickson	bericksonmt@hatena.ne.jp	47	Main	Avenue	05753
Coral	Lewendon	clewendonmu@salon.com	9612	Melody	Terrace	75934
Rois	Labell	rlabellmv@g.co	67374	Lakeland	Trail	26590
Bride	Kidman	bkidmanmw@rambler.ru	910	Hoepker	Pass	30257
Patricio	Dight	pdightmx@miibeian.gov.cn	0	Troy	Lane	62915
Joceline	Waterson	jwatersonmy@digg.com	74030	Arizona	Parkway	85014
Hyacinthe	Schwandermann	hschwandermannmz@pbs.org	7	Westridge	Alley	14884
Allina	Goshawke	agoshawken0@ft.com	72	Fairview	Crossing	02330
Junia	Perri	jperrin1@psu.edu	1	Derek	Way	98283
Phylis	Caunt	pcauntn2@eepurl.com	01	Hermina	Circle	20119
Tammie	MacAllaster	tmacallastern3@xinhuanet.com	4	Morningstar	Hill	37202
Marlyn	Blodgett	mblodgettn4@upenn.edu	06	Thackeray	Park	53187
Fanchette	Tomas	ftomasn5@icio.us	941	Packers	Street	60443
Sawyer	O'Shields	soshieldsn6@sogou.com	1	Sloan	Drive	25848
Lanny	Ritmeyer	lritmeyern7@cbslocal.com	1	Oxford	Way	36032
Franni	Bourne	fbournen8@sun.com	7856	Hoepker	Alley	98195
Otes	Grosvener	ogrosvenern9@irs.gov	70	Badeau	Hill	35281
Carey	Cubuzzi	ccubuzzina@jalbum.net	9	Red Cloud	Road	19390
Moe	Bridgstock	mbridgstocknb@hao123.com	23144	Hooker	Hill	76130
Guillemette	Ham	ghamnc@epa.gov	65	Kinsman	Center	85901
Brew	Cousen	bcousennd@linkedin.com	22457	Summit	Pass	79033
Hermina	Dykins	hdykinsne@archive.org	38270	Caliangt	Point	32855
Goldy	Gatteridge	ggatteridgenf@wikispaces.com	92	Tony	Way	25309
Kaitlynn	Westhead	kwestheadng@seesaa.net	51	Miller	Crossing	17742
Biron	Perren	bperrennh@boston.com	5300	Tennessee	Trail	59634
Alva	Hasted	ahastedni@zimbio.com	62	Beilfuss	Drive	10007
Hanny	Shilling	hshillingnj@unc.edu	765	Haas	Parkway	17362
Eolande	Randles	erandlesnk@dedecms.com	7	Melby	Plaza	28730
Chantalle	Gennrich	cgennrichnl@wikimedia.org	66	Ridgeview	Street	35744
Baxter	Challender	bchallendernm@arizona.edu	41488	Lillian	Trail	28160
Rosetta	Gerard	rgerardnn@webnode.com	1637	Judy	Way	06057
Sherie	Lawther	slawtherno@earthlink.net	856	Schlimgen	Point	73198
Nomi	Blackhall	nblackhallnp@yahoo.com	877	High Crossing	Street	19149
Brinn	Moorcroft	bmoorcroftnq@jimdo.com	40576	Northwestern	Park	70456
Bernadette	Hing	bhingnr@alexa.com	136	Hanson	Crossing	91121
Rooney	Jaksic	rjaksicns@weibo.com	428	Starling	Place	53588
Filippa	Stilgoe	fstilgoent@columbia.edu	58	Birchwood	Center	03062
Toiboid	Lamberton	tlambertonnu@sfgate.com	13814	Annamark	Circle	47935
Augustine	Leacock	aleacocknv@bloomberg.com	9017	Arizona	Hill	29744
Adria	Drewe	adrewenw@imgur.com	3	Lyons	Crossing	59844
Gayleen	Werrilow	gwerrilownx@mapy.cz	22525	Farragut	Crossing	88527
Levin	Goodayle	lgoodayleny@nih.gov	0	Chive	Hill	30607
Mariel	Argabrite	margabritenz@nba.com	4295	Blackbird	Park	98536
Timmi	Luce	tluceo0@constantcontact.com	85	Kim	Way	40047
Euell	Durward	edurwardo1@dedecms.com	5334	Bunker Hill	Point	95070
Joy	Peachman	jpeachmano2@chicagotribune.com	2	Bultman	Parkway	39744
Meggi	Willcox	mwillcoxo3@ftc.gov	3380	Haas	Street	28152
Pammy	Bettenay	pbettenayo4@nbcnews.com	9	Oxford	Plaza	58568
Susie	Sterman	sstermano5@comsenz.com	3	Beilfuss	Circle	86511
Anne-marie	Castrillo	acastrilloo6@ehow.com	2758	Derek	Trail	35232
Worthington	Gascoine	wgascoineo7@xing.com	20885	Doe Crossing	Alley	88043
Miner	Crux	mcruxo8@nyu.edu	72	Sauthoff	Hill	28138
Doralia	Alelsandrowicz	dalelsandrowiczo9@imgur.com	58	Gina	Parkway	36690
Gussy	Brigstock	gbrigstockoa@wordpress.com	69299	Little Fleur	Pass	17519
Mei	Brithman	mbrithmanob@china.com.cn	79677	Cordelia	Street	81253
Hadrian	MacEveley	hmaceveleyoc@smh.com.au	5	Brickson Park	Drive	45441
Britni	Fraulo	bfraulood@1und1.de	48	Schmedeman	Pass	89410
Priscilla	Downer	pdowneroe@cbsnews.com	75465	Maryland	Circle	50672
Tommi	Utridge	tutridgeof@globo.com	2555	Scott	Hill	32719
Alaine	Wear	awearog@forbes.com	447	Dahle	Avenue	31808
Aaron	Lambertazzi	alambertazzioh@gmpg.org	6	Jenna	Road	76199
Shina	Bellard	sbellardoi@netlog.com	25201	Sutteridge	Drive	74150
Leroi	Gumley	lgumleyoj@prnewswire.com	897	Carey	Court	97344
Morganica	Aldersley	maldersleyok@nih.gov	58	Porter	Street	70182
Dodie	Ginnaly	dginnalyol@unesco.org	36959	Fieldstone	Park	44393
Mauricio	Clashe	mclasheom@clickbank.net	641	Grim	Park	79742
Alberto	Winley	awinleyon@nymag.com	996	Knutson	Parkway	99606
Betteanne	Murison	bmurisonoo@tinypic.com	99	Walton	Plaza	93308
Jaymie	Annott	jannottop@amazonaws.com	98974	Union	Way	99360
Christoper	Pointon	cpointonoq@bloglines.com	37294	Shelley	Court	89123
Tulley	De Carolis	tdecarolisor@slideshare.net	08208	Banding	Junction	23665
Alina	Pearch	apearchos@privacy.gov.au	904	Ohio	Avenue	32771
Dorelia	Parlot	dparlotot@house.gov	5	6th	Pass	59032
Keefe	Galland	kgallandou@51.la	4499	Warrior	Point	52751
Odey	Hele	oheleov@uiuc.edu	09285	Fulton	Trail	31720
Stanley	Geane	sgeaneow@washingtonpost.com	524	Barby	Court	39766
Gabi	Winthrop	gwinthropox@alibaba.com	09	Surrey	Pass	26542
Saxon	Hanselman	shanselmanoy@chron.com	9	Fairfield	Road	53019
Tyler	Dowson	tdowsonoz@independent.co.uk	63083	Sunnyside	Pass	26884
Deana	Childs	dchildsp0@earthlink.net	5	Homewood	Terrace	63851
Therese	Marzella	tmarzellap1@goo.gl	0174	Moose	Way	98062
Corny	Postgate	cpostgatep2@people.com.cn	985	Logan	Road	72858
Garrik	Soppett	gsoppettp3@last.fm	030	Mallory	Center	86040
Deane	Sauniere	dsaunierep4@so-net.ne.jp	699	Sunnyside	Road	06514
Hortensia	Spohr	hspohrp5@sfgate.com	005	Muir	Alley	36360
Adey	Redmell	aredmellp6@skype.com	1	Valley Edge	Pass	94708
Homer	Charopen	hcharopenp7@forbes.com	3	Village	Avenue	51022
Kellyann	Amberger	kambergerp8@meetup.com	69	Mockingbird	Road	54153
Shelba	Spollen	sspollenp9@163.com	18	Ruskin	Plaza	28605
Andy	Northidge	anorthidgepa@canalblog.com	6043	Buhler	Hill	82336
Casie	Jachimiak	cjachimiakpb@de.vu	0905	Monterey	Court	45836
Kermy	Brunesco	kbrunescopc@dailymotion.com	04	Carberry	Plaza	53119
Scotti	Clows	sclowspd@php.net	88	Miller	Center	43719
Tandi	Velasquez	tvelasquezpe@java.com	265	Farmco	Place	80034
Yasmin	Ianinotti	yianinottipf@marketwatch.com	14	Raven	Park	79714
Phelia	Streather	pstreatherpg@biblegateway.com	99	Stoughton	Parkway	81069
Jack	Fowlds	jfowldsph@addtoany.com	41666	Cody	Pass	29435
Lenette	Novotni	lnovotnipi@wordpress.org	45	Graedel	Road	93287
Flss	Phidgin	fphidginpj@ovh.net	0189	Anthes	Crossing	45622
Galven	Leavey	gleaveypk@noaa.gov	04	Prentice	Hill	99686
Gerri	Bass	gbasspl@discovery.com	61140	Dawn	Lane	84773
Marris	Dabney	mdabneypm@globo.com	3	1st	Alley	54491
Pen	Josse	pjossepn@admin.ch	75033	Springs	Court	55426
Corabella	Kemston	ckemstonpo@seesaa.net	2828	Northfield	Lane	19183
Aubry	Korting	akortingpp@auda.org.au	2	Pawling	Circle	14514
Fionnula	Hasley	fhasleypq@tuttocitta.it	03453	Briar Crest	Lane	46506
Gayel	Postlewhite	gpostlewhitepr@nyu.edu	31463	Grim	Lane	58781
Ashlie	Hannant	ahannantps@sfgate.com	74570	Forest	Street	19890
Silvana	Ather	satherpt@phpbb.com	85	Chinook	Alley	10968
Eda	Jamison	ejamisonpu@naver.com	9184	Monica	Alley	80109
Merissa	Trathen	mtrathenpv@hexun.com	9	Westridge	Pass	97461
Jany	Mant	jmantpw@washingtonpost.com	2	Tennyson	Drive	24857
Pris	Brydson	pbrydsonpx@prnewswire.com	25853	Green Ridge	Park	31061
Millie	Desesquelle	mdesesquellepy@chicagotribune.com	63	Warner	Hill	85733
Marjorie	Simkiss	msimkisspz@list-manage.com	8829	Shopko	Crossing	11219
Clair	MacCaffery	cmaccafferyq0@marketwatch.com	02	Londonderry	Pass	50164
Mirilla	Seers	mseersq1@mapy.cz	671	Ilene	Lane	57020
Nicola	Rapinett	nrapinettq2@facebook.com	18	Banding	Street	97540
Radcliffe	Lunck	rlunckq3@dot.gov	00	Del Sol	Trail	78960
Geri	Muglestone	gmuglestoneq4@dell.com	7	Starling	Court	29055
Dyna	Barlthrop	dbarlthropq5@fda.gov	3422	Reinke	Center	61871
Bank	Wanklyn	bwanklynq6@cpanel.net	58	Messerschmidt	Avenue	71340
Judith	Bainbridge	jbainbridgeq7@ucoz.ru	88	Coleman	Crossing	04234
Gawain	Mattiato	gmattiatoq8@gnu.org	1992	Monterey	Lane	50578
Toddy	Kisar	tkisarq9@behance.net	579	Dennis	Avenue	38371
Klarika	Hayles	khaylesqa@hatena.ne.jp	21	Lindbergh	Junction	33318
Faydra	Lacelett	flacelettqb@exblog.jp	1	Northwestern	Crossing	07827
Rhona	Crathorne	rcrathorneqc@marketwatch.com	13	Cambridge	Hill	38106
Matilde	Himpson	mhimpsonqd@hexun.com	78	Homewood	Point	06897
Marylee	Bateman	mbatemanqe@statcounter.com	8	Lillian	Way	13859
Franciskus	Aujean	faujeanqf@hexun.com	06537	Buhler	Place	22601
Harmony	Gomar	hgomarqg@dell.com	27210	Fieldstone	Drive	00720
Martainn	Mourgue	mmourgueqh@icq.com	825	Eagan	Plaza	49664
Jill	Cholonin	jcholoninqi@paypal.com	436	Harper	Crossing	77431
Alvina	Matterface	amatterfaceqj@cisco.com	8	Hagan	Pass	74965
Marysa	Polle	mpolleqk@bbb.org	60175	Kingsford	Road	68419
Gearalt	Kelberman	gkelbermanql@technorati.com	408	Mifflin	Circle	23471
Cullan	Hickford	chickfordqm@example.com	9	Prairie Rose	Road	78028
Shea	Southerden	ssoutherdenqn@usnews.com	21160	Crowley	Pass	07843
Electra	McOmish	emcomishqo@boston.com	989	Manitowish	Parkway	15474
Siffre	Oager	soagerqp@google.com.br	46	Rockefeller	Terrace	21911
Fayth	Million	fmillionqq@umich.edu	25938	Kings	Street	56528
Heinrick	Strotton	hstrottonqr@google.com.au	6	Canary	Way	40744
Lilllie	Bynert	lbynertqs@nyu.edu	3	Longview	Park	65401
Penny	Marchington	pmarchingtonqt@ftc.gov	1840	Mendota	Drive	70792
Tynan	Cotilard	tcotilardqu@dot.gov	9973	Parkside	Junction	48670
Tabby	Ortelt	torteltqv@weebly.com	48	Dwight	Point	80122
Tiphani	Jewson	tjewsonqw@taobao.com	4787	Sachtjen	Center	32577
Sig	Knight	sknightqx@typepad.com	50543	Scott	Lane	92369
Burt	Blabie	bblabieqy@squidoo.com	8	Jenifer	Parkway	68882
My	Meneo	mmeneoqz@purevolume.com	362	Northland	Pass	92143
Brose	Deverale	bdeveraler0@ucsd.edu	2	Green Ridge	Center	67026
Garvy	Shewsmith	gshewsmithr1@skype.com	74535	Loomis	Road	50252
Far	Guitt	fguittr2@slideshare.net	0	Mariners Cove	Terrace	98666
Ines	Carvilla	icarvillar3@oaic.gov.au	56977	Pankratz	Drive	44423
Malvin	MacEntee	mmacenteer4@devhub.com	9	Dakota	Road	14683
Jere	Flaherty	jflahertyr5@opera.com	008	Village	Street	44424
Gardiner	Fredi	gfredir6@meetup.com	6	Glendale	Circle	32321
Gibbie	Mullins	gmullinsr7@freewebs.com	07	Holy Cross	Place	76682
Rafael	Tidbald	rtidbaldr8@blogger.com	09	Bluejay	Crossing	54475
Allyn	Schwieso	aschwiesor9@geocities.com	4	Knutson	Center	19123
Stanislaw	Arnholz	sarnholzra@ca.gov	677	Straubel	Plaza	44393
Weidar	Turfitt	wturfittrb@patch.com	1	Doe Crossing	Plaza	23219
Cornie	Lum	clumrc@rediff.com	754	Fordem	Terrace	75642
Claire	Firth	cfirthrd@princeton.edu	490	Prairie Rose	Pass	23830
Silvio	Malshinger	smalshingerre@joomla.org	81668	Messerschmidt	Trail	99143
Donnamarie	Ewbank	dewbankrf@cnet.com	00	Loftsgordon	Circle	32791
Allianora	Raynard	araynardrg@twitter.com	98	Garrison	Plaza	04923
Kathryne	Shaddock	kshaddockrh@wix.com	73989	Roxbury	Place	90704
Pete	Hedditch	phedditchri@macromedia.com	47479	Logan	Drive	48086
Arney	Minister	aministerrj@ycombinator.com	5	Schlimgen	Way	15228
Cece	Terram	cterramrk@vk.com	0	Arapahoe	Crossing	79382
Jakob	MacGillicuddy	jmacgillicuddyrl@histats.com	5	Melby	Park	28460
Cordell	Gringley	cgringleyrm@a8.net	6143	Meadow Ridge	Point	02543
Rea	Tarbox	rtarboxrn@sourceforge.net	46	Portage	Trail	55161
Bronny	Waldren	bwaldrenro@oracle.com	5288	Randy	Terrace	46765
Kelley	Checketts	kcheckettsrp@archive.org	25537	Valley Edge	Road	23828
Julissa	Cluer	jcluerrq@php.net	423	Dawn	Lane	70647
Remy	Elgar	relgarrr@arstechnica.com	51878	Portage	Road	25699